"Purpose","Name","Visit To","IPD/OPD/Staff","Phone","Date","In Time","Out Time"
"Visit","Ajay","IPD Patient","varun mahajan (629) (IPDN61)","765677878877","05/31/2026","01:57 PM","01:57 PM"
"Inquiry","Ashok","Staff","Sonia Bush (9002)","6765567776","05/18/2026","08:56 AM","09:56 AM"
"Seminar","Nidhi","IPD Patient","Preeti Desmukh (628) (IPDN60)","76655667767","05/15/2026","10:55 AM","11:55 AM"
"Visit","Jay","OPD Patient","Olivier Thomas (1) (OPDN7247)","78655667678","05/08/2026","01:55 PM","01:55 PM"
"Inquiry","Aman","Staff","Sonia Bush (9002)","786567877","05/05/2026","01:54 PM","01:54 PM"
"Visit","Amit","OPD Patient","Olivier Thomas (1) (OPDN7247)","78863438278","04/29/2026","03:05 PM","03:05 PM"
"Patient Visit","Mohan Yadav","IPD Patient","(IPDN)","9898765432","04/16/2026","04:00 PM","05:00 PM"
"Vendor Meeting","Priya Gupta","Staff","","9801234567","04/13/2026","09:30 AM","10:30 AM"
"Patient Visit","Vijay Singh","OPD Patient","(OPDN)","9812345678","04/09/2026","02:00 PM","03:00 PM"
"Doctor Meeting","Sunita Sharma","Staff","","9845123456","04/06/2026","11:30 AM","12:30 PM"
"Patient Visit","Ramesh Kumar","Staff","","9876543210","04/03/2026","10:00 AM","11:00 AM"
"Seminar","Aman","OPD Patient","Olivier Thomas (1) (OPDN7371)","76467888776","03/29/2026","12:45 PM","12:45 PM"
"Seminar","Kelvin","IPD Patient","Maria Taylor (121) (IPDN88)","7665657778","03/23/2026","12:44 PM","12:44 PM"
"Inquiry","Aarti","Staff","Sansa Gomez (9008)","7656778788","03/16/2026","01:43 PM","02:43 PM"
"Inquiry","Nidhi","OPD Patient","Olivier Thomas (1) (OPDN7247)","76677867678","03/12/2026","12:42 PM","01:42 PM"
"Seminar","Anubhav","IPD Patient","Preeti Desmukh (628) (IPDN60)","89756767567","03/09/2026","12:43 PM","01:43 PM"
"Visit","David Martin","Staff","Sonia Bush (9002)","7867467788","03/06/2026","12:41 PM","12:41 PM"
"Inquiry","David Martin","IPD Patient","Preeti Desmukh (628) (IPDN60)","6754546547","02/28/2026","01:20 PM","02:20 PM"
"Inquiry","Rubina","OPD Patient","Olivier Thomas (1) (OPDN7303)","6764564635","02/27/2026","05:20 PM","06:20 PM"
"Visit","Aman","","","7875654645","02/23/2026","01:20 PM","02:20 PM"
"Visit","Aarav","Staff","Natasha  Romanoff (9010)","9845643561","02/19/2026","11:00 AM","12:00 PM"
"Seminar","Nishant","IPD Patient","varun mahajan (629) (IPDN61)","98346878568","02/16/2026","04:15 PM","05:15 PM"
"Inquiry","Jaya","Staff","Sonia Bush (9002)","45656768754","02/10/2026","03:16 PM","03:16 PM"
"Visit","Johny disuja","OPD Patient","Olivier Thomas (1) (OPDN7247)","6756577734","02/05/2026","03:11 PM","03:11 PM"
"Visit","Nishant Kadakia","Staff","Harry Grant (9012)","9807898678","01/30/2026","01:31 PM","02:31 PM"
"Seminar","Georgia Paten","OPD Patient","Shakib Khanna (520) (OPDN7493)","8090796785","01/25/2026","01:00 PM","02:00 PM"
"Visit","David Martin","Staff","April Clinton (9020)","7908097896","01/20/2026","01:30 PM","02:30 PM"
"Inquiry","Nishant Kadakia","OPD Patient","David Hussan (539) (OPDN7520)","7898678456","01/15/2026","12:28 PM","01:00 PM"
"Seminar","Kelvin Octamin","IPD Patient","Aaron Hardie (1145) (IPDN105)","78908906785","01/10/2026","12:26 PM","01:25 PM"
"Inquiry","Jomel Warrican","Staff","Jason  Abbot (9017)","8907876456","01/05/2026","01:25 PM","02:25 PM"
"Visit","Mahima Shinde","OPD Patient","Maria Taylor (121) (OPDN7399)","789579560","01/01/2026","11:30 AM","12:21 PM"
"Inquiry","Robin Dahlberg","IPD Patient","Georgia Paten (1103) (IPDN99)","897067857","12/30/2025","08:33 PM","09:00 PM"
"Visit","Stuart Wood","Staff","Maria Ford (9018)","9087686677","12/25/2025","05:32 PM","06:11 PM"
"Seminar","Gemma Boniwell","IPD Patient","Gaurav Shrivastava (643) (IPDN64)","789808907","12/20/2025","03:32 PM","04:15 PM"
"Inquiry","Angela Clark","OPD Patient","Georgia Wareham (1155) (OPDN7374)","7898067575","12/15/2025","02:31 PM","03:25 PM"
"Seminar","Ehsaan Lanka","IPD Patient","Stuart Wood (580) (IPDN111)","0090789685","12/10/2025","03:30 PM","04:30 PM"
"Inquiry","Cameron Martin","Staff","Sansa Gomez (9008)","8908905674","12/05/2025","02:20 PM","03:23 PM"
"Visit","Hayley Matthews","OPD Patient","Rachel Priest (1162) (OPDN7461)","90806786","12/01/2025","03:28 PM","04:28 PM"
"Visit","Amelia","Staff","Amit  Singh (9009)","7895789566","11/30/2025","04:00 PM","05:30 PM"
"Seminar","Sterling","IPD Patient","Marcus Bethbell (1151) (IPDN110)","8900007956","11/25/2025","01:00 PM","02:00 PM"
"Inquiry","Jackson","OPD Patient","Dhawan Kulkarni (484) (OPDN7405)","8905673452","11/20/2025","12:00 PM","01:30 PM"
"Visit","Jamesh","IPD Patient","Anushka sanjeewani (1147) (IPDN107)","7898078956","11/15/2025","10:30 AM","11:35 AM"
"Seminar","Jackson","Staff","April Clinton (9020)","9090678575","11/10/2025","02:30 PM","03:30 PM"
"Inquiry","Mahima Shinde","IPD Patient","Stuart Wood (580) (IPDN111)","80787867865","11/05/2025","12:30 PM","01:52 PM"
"Visit","David Martin","OPD Patient","Marcus Bethbell (1151) (OPDN7421)","909078989","11/01/2025","01:35 PM","02:15 PM"
"Seminar","Nishant Kadakia","Staff","John  Hook (9006)","7698796785","10/30/2025","02:40 PM","03:40 PM"